ds_csf,ds_gm,ds_wm,avg_dsc,avd,hd_csf,hd_gm,hd_wm,hd_avg,case,em
0.08606680981125621,0.8150824004187562,0.9015558194112302,0.6009016765470809,0.35010606789244,44.01136216933077,2.0,1.4142135623730951,15.808525243901288,IBSR_11,No
0.10566783492102703,0.8020372788121792,0.8577887449358126,0.5884979528896729,0.456705455921776,42.638011210655684,2.23606797749979,2.449489742783178,15.774522976979553,IBSR_12,No
0.09673477943018399,0.8105950778772066,0.8292301232871484,0.5788533268648464,0.4136951584027628,43.32435804486894,3.0,3.0,16.44145268162298,IBSR_13,No
0.14622519674226844,0.7889320586967786,0.8278673822193542,0.5876748792194672,0.35469101763084004,48.425200051213004,3.3166247903554,2.449489742783178,18.063771528117194,IBSR_17,No
0.12334679654708165,0.8353151806309235,0.8699021101841569,0.609521362454054,0.30999897125157905,45.78209256903839,2.449489742783178,2.23606797749979,16.82255009644045,IBSR_14,No
